{"options":{"check_for_updates":true,"user_modified":null,"comment":null,"compatopts_for_requires":true,"compat_wrappedjsobject":false,"compat_metadata":false,"compat_foreach":false,"compat_powerful_this":null,"sandbox":null,"noframes":null,"unwrap":null,"run_at":null,"run_in":null,"tags":[],"override":{"use_includes":[],"orig_includes":[],"merge_includes":true,"use_matches":[],"orig_matches":["https://www.studocu.com/*"],"merge_matches":true,"use_excludes":[],"orig_excludes":[],"merge_excludes":true,"use_connects":[],"orig_connects":[],"merge_connects":true,"use_blockers":[],"orig_run_at":"document-start","orig_run_in":[],"orig_noframes":null,"orig_tags":[]}},"settings":{"enabled":true,"position":3},"meta":{"name":"Studocu Hack","uuid":"5f3a1d73-fef4-46dc-9c00-730ab8448983","modified":1744100107602,"file_url":"https://update.greasyfork.org/scripts/447526/Studocu%20Hack.user.js"}}