{"options":{"check_for_updates":true,"user_modified":null,"comment":null,"compatopts_for_requires":true,"compat_wrappedjsobject":false,"compat_metadata":false,"compat_foreach":false,"compat_powerful_this":null,"sandbox":null,"noframes":null,"unwrap":null,"run_at":null,"run_in":null,"tags":[],"override":{"use_includes":[],"orig_includes":["https://www.youtube.com","*://*.youtube.com/**"],"merge_includes":true,"use_matches":[],"orig_matches":[],"merge_matches":true,"use_excludes":[],"orig_excludes":["*://accounts.youtube.com/*","*://www.youtube.com/live_chat_replay*","*://www.youtube.com/persist_identity*"],"merge_excludes":true,"use_connects":[],"orig_connects":[],"merge_connects":true,"use_blockers":[],"orig_run_at":"document-start","orig_run_in":[],"orig_noframes":null,"orig_tags":[]}},"settings":{"enabled":true,"position":4},"meta":{"name":"Youtubeᴾˡᵘˢ Super Assistant(Video Downloader & 🚫 No ads & New Layout For YT!)","uuid":"21893aa1-b5ed-47fe-a236-7851309b893b","modified":1749625279562,"file_url":"https://update.greasyfork.org/scripts/521538/Youtube%E1%B4%BE%CB%A1%E1%B5%98%CB%A2%20Super%20Assistant%28Video%20Downloader%20%20%F0%9F%9A%AB%20No%20ads%20%20New%20Layout%20For%20YT%21%29.user.js"}}